loan_id,predicted_recovery_rate
ARC104645,0.5620428779537964
ARC104205,0.5317593197561468
ARC102896,0.1435958614530967
ARC106617,0.2378791113396237
ARC105889,0.17088871113882506
ARC104291,0.7688997496118422
ARC101906,0.21962563139304067
ARC102909,0.41613672531034923
ARC107421,0.3902105352368589
ARC100276,0.09266713281366401
ARC101285,0.14321167717361927
ARC108825,0.50670037750441
ARC105017,0.3477958209090076
ARC108738,0.43416594628590166
ARC103628,0.03941013786102523
ARC102614,0.11303065348129133
ARC103044,0.6389141581048287
ARC106384,0.29512235915651625
ARC101324,0.4041791270106336
ARC107249,0.5517856186984723
ARC101354,0.3079409451865765
ARC102070,0.4576085844072842
ARC108289,0.5864521517125911
ARC102341,0.20459379779953527
ARC101460,0.6231930769056073
ARC104221,0.4761524829896923
ARC100805,0.508440415693631
ARC101620,0.2820567522637905
ARC105640,0.42424605492072254
ARC100663,0.39478972325777445
ARC102708,0.5954662403733821
ARC104211,0.5597431627834902
ARC105348,0.41748240731073394
ARC107582,0.4760283947900193
ARC100761,0.6144918979193729
ARC107542,0.47355172661827266
ARC108917,0.5253283173495221
ARC105841,0.4021083119012896
ARC101682,0.661553277357255
ARC107431,0.5740543041308843
ARC107697,0.558880009754595
ARC100576,0.32328930921950905
ARC101086,0.48838095308010965
ARC105705,0.24119437223922713
ARC101903,0.3130057669399501
ARC103861,0.25623433257810685
ARC101010,0.47693009222639476
ARC103159,0.3312172054800611
ARC103708,0.3127642722379627
ARC106581,0.45506414563903724
ARC105441,0.20672821751679454
ARC104164,0.10363624566393365
ARC106171,0.7309600996348178
ARC105949,0.5645719396342515
ARC108606,0.5681020379924687
ARC101343,0.53372998191827
ARC108743,0.5390167249141951
ARC106330,0.4969283518984003
ARC108770,0.3629499134272891
ARC100378,0.24270540018201336
ARC106583,0.4839390661110765
ARC104068,0.4869190371048417
ARC102568,0.3581598945143303
ARC101141,0.5401539145460321
ARC106239,0.404113743885163
ARC103384,0.32301825604729695
ARC105480,0.4153411161220278
ARC104582,0.343438717220545
ARC105472,0.42182224651889805
ARC105542,0.49672083613063006
ARC104250,0.560404374182463
ARC105073,0.4935725667037719
ARC103667,0.4028367318779342
ARC107281,0.5175695512103689
ARC102873,0.5788769566617918
ARC107425,0.19571607312241232
ARC105502,0.4413826145415396
ARC101224,0.28803197620276944
ARC107744,0.7152490549626469
ARC102333,0.5269649430919059
ARC104919,0.45966725967907734
ARC104548,0.48240998509698024
ARC104864,0.4488243754155916
ARC104643,0.2646441067173724
ARC100147,0.6475270931438332
ARC101280,0.4600696288352366
ARC102034,0.5774577911475292
ARC103396,0.2060606085477318
ARC104539,0.4114589231448589
ARC107302,0.22724675369776726
ARC107850,0.630613615126648
ARC106336,0.3787145432007523
ARC103131,0.47127714044841756
ARC108819,0.5381612385705993
ARC103145,0.36863069683612004
ARC104736,0.4838408386332223
ARC103963,0.4736142938918374
ARC102250,0.19563832520462862
ARC107449,0.43172686499199875
ARC105089,0.38164641216179823
ARC107065,0.511210571992581
ARC103474,0.6215797389634714
ARC107350,0.5225179090451266
ARC106816,0.2823921989678467
ARC105202,0.1958681562978179
ARC107081,0.4260938575652
ARC106192,0.5012568253004751
ARC103214,0.5358868017546151
ARC101666,0.6702905352085934
ARC105826,0.22039506169366152
ARC102989,0.3740503462278137
ARC100232,0.7363592854565956
ARC104462,0.26942270869896556
ARC100063,0.1489604306405433
ARC100733,0.3418406175523965
ARC103106,0.268626679587475
ARC106215,0.5412519171993903
ARC107469,0.3495809812869419
ARC104796,0.4360837657235039
ARC108615,0.5050155521324277
ARC108220,0.4239822162751794
ARC100413,0.5297011318034841
ARC105099,0.4097118347472674
ARC100112,0.4288275732599137
ARC102473,0.49270419546668365
ARC105679,0.06628709186487437
ARC107974,0.33142322961243686
ARC101485,0.3384465311471327
ARC101302,0.3461129568473336
ARC106564,0.5193224681070139
ARC106429,0.4343798796950439
ARC103753,0.2483342355406958
ARC101338,0.6054408794706988
ARC105558,0.19106407866479413
ARC106515,0.5146821796275154
ARC102741,0.40948690663794646
ARC102675,0.15963479174243791
ARC107266,0.34703149250383086
ARC104408,0.3611127800012611
ARC101126,0.4009527236145476
ARC102020,0.3092489225330726
ARC108050,0.5917125544366536
ARC106972,0.44420082872973987
ARC103176,0.5885434861974501
ARC107725,0.23004312057588516
ARC106091,0.5315593759166967
ARC106857,0.47959641825476756
ARC106649,0.5105743948793154
ARC102892,0.12138514125402562
ARC104281,0.3788930456468277
ARC105314,0.3816545975293726
ARC100305,0.5810458832362209
ARC105718,0.45671415405758153
ARC100179,0.3093935606327226
ARC106469,0.438612978156258
ARC105388,0.20604526409099785
ARC105621,0.33696654311717356
ARC101144,0.5709550372836977
ARC104442,0.43704124429923985
ARC108834,0.5258317453788073
ARC101192,0.19603341236256278
ARC101797,0.3560357105556265
ARC101450,0.48885872200391506
ARC103925,0.39640787970369923
ARC100149,0.4377010200793617
ARC103613,0.3546193176177952
ARC105384,0.15134401903239703
ARC101320,0.4659328697437634
ARC103773,0.45000867716608783
ARC106969,0.4574789958031635
ARC104006,0.43279099903993423
ARC108053,0.3258317101453514
ARC100556,0.33861323549418854
ARC102867,0.2652472556073623
ARC106652,0.3569570316973717
ARC100345,0.42714519107696747
ARC101977,0.3979060847272375
ARC102474,0.3373533064671086
ARC101968,0.4913361780262124
ARC101634,0.5396278886955783
ARC105890,0.2502782411824135
ARC107870,0.437554256698463
ARC102288,0.47318500821844633
ARC104042,0.6982905195320882
ARC105753,0.35837229189403574
ARC105072,0.48561475882292426
ARC106441,0.6558544255998162
ARC107175,0.0829109493137874
ARC101157,0.32298339771396267
ARC107989,0.5559393105364634
ARC107286,0.2542447120962686
ARC102887,0.5141730441980342
ARC103997,0.21392995804385548
ARC107504,0.37476879818698633
ARC107568,0.4081463940697403
ARC104474,0.22310560538062685
ARC101429,0.16478650285641183
ARC103357,0.3627299548099889
ARC103324,0.4980484385755247
ARC106767,0.4487310321805419
ARC105203,0.18757689741277694
ARC102116,0.24968567058421362
ARC106521,0.23485462158039017
ARC101739,0.41108600563642006
ARC104905,0.48919509039154185
ARC107404,0.41138287903676923
ARC101544,0.6314325766854718
ARC105567,0.6966735346712093
ARC106727,0.5167284570728645
ARC106723,0.5864031171837956
ARC106342,0.1381025956960709
ARC100875,0.5650957352517914
ARC103313,0.5360594329099271
ARC101521,0.5044726615639338
ARC102955,0.2760213676841348
ARC101169,0.03936931003766566
ARC107267,0.15107033353196034
ARC105505,0.44174032450627965
ARC102481,0.5143695835515281
ARC103712,0.3715181383534644
ARC108332,0.3631092581220969
ARC102201,0.5451164487373753
ARC108355,0.2732305774560038
ARC102930,0.4228614643094395
ARC106321,0.33952559713444697
ARC100335,0.5608234893223294
ARC101757,0.22446850255489342
ARC106320,0.514590367475244
ARC102599,0.6360606085390154
ARC103566,0.2569809467983141
ARC100500,0.4462551224482795
ARC107883,0.3705735519527565
ARC100052,0.31954608486418135
ARC106434,0.4290220241636437
ARC101762,0.4754613341683024
ARC104622,0.3415933841951666
ARC100054,0.4589561278838683
ARC108977,0.3106419889971137
ARC107381,0.3272900045441418
ARC107839,0.29320975103676994
ARC102174,0.3543059706852869
ARC100491,0.4101529099003199
ARC103505,0.3454263571216051
ARC103624,0.45141181768033195
ARC106152,0.6229774356729548
ARC103538,0.3698615354710447
ARC108653,0.5705668574807762
ARC102801,0.6777462590956258
ARC107739,0.4385053813620912
ARC103087,0.2363739917030218
ARC104867,0.387428253206754
ARC105686,0.2960330531360278
ARC107206,0.5308431984997324
ARC106527,0.36672940005381877
ARC102953,0.23235122453532697
ARC102408,0.38351444337562374
ARC103561,0.6161299624231041
ARC108240,0.08926387838342648
ARC105262,0.7045367070420733
ARC101263,0.3605117543081096
ARC104937,0.5164161875438216
ARC105233,0.4562843089342823
ARC103333,0.15169851942299087
ARC104188,0.4929741567134324
ARC106277,0.3164260791257236
ARC104553,0.30615012807573844
ARC103019,0.2483365299139429
ARC100940,0.1329121673193735
ARC102450,0.6744394961257743
ARC103038,0.5160367389038713
ARC103894,0.42315879279208735
ARC107073,0.49786729214298026
ARC103464,0.29603678038339976
ARC106804,0.41980640155689314
ARC100738,0.1390127300684999
ARC105746,0.4459490143962455
ARC103376,0.4967660621077419
ARC108541,0.46563199751059764
ARC100270,0.44024058195042115
ARC106802,0.4827395360945632
ARC100420,0.17061205057867904
ARC106818,0.5406685186398983
ARC108424,0.5150171522956393
ARC102724,0.22916796437893022
ARC105174,0.3073840232299256
ARC100667,0.3801668908389277
ARC105985,0.6463765105276811
ARC108765,0.5522470737049583
ARC106576,0.4503891169368789
ARC107329,0.47783295667192127
ARC101680,0.7515468844685299
ARC100325,0.44672054525509114
ARC102208,0.35344183061925616
ARC100036,0.4694730942789244
ARC101458,0.421291333433467
ARC102269,0.32644810018403925
ARC108662,0.33195871858260145
ARC106575,0.39210994153039497
ARC106961,0.36864153883617456
ARC106361,0.2774365660650077
ARC102215,0.4191785920032217
ARC107956,0.5925399630643948
ARC108042,0.20111033857771607
ARC103439,0.6151364219070109
ARC100154,0.5974703440696605
ARC107841,0.8473820250053768
ARC107689,0.22742939500958023
ARC100275,0.21067356448231614
ARC102383,0.49594587779022636
ARC100479,0.2729905408557784
ARC103867,0.11427071139430066
ARC101791,0.3691567723351353
ARC106764,0.2954403133298388
ARC101229,0.6279707543793775
ARC100488,0.43337096674570535
ARC103339,0.43984585047747665
ARC105182,0.5187696265236627
ARC107015,0.6372259620810384
ARC104508,0.4866325289131788
ARC104980,0.56673914538844
ARC104853,0.19116868474514753
ARC102038,0.4806813017973549
ARC105451,0.48494462397616195
ARC106135,0.5891621868867345
ARC104239,0.5636493357677973
ARC104568,0.2971264487167949
ARC100885,0.5403848544477944
ARC103641,0.24225313424622819
ARC104744,0.46764125028848186
ARC103777,0.28413790312810433
ARC108892,0.42929032152563235
ARC104370,0.6978952266283203
ARC106623,0.277183288195989
ARC107985,0.5791756550156577
ARC103745,0.2856471887260253
ARC108956,0.6379230520399922
ARC100011,0.2253215773922438
ARC102687,0.36183880708298505
ARC100075,0.3736274514623124
ARC106089,0.6466645958644899
ARC107241,0.6425307253102569
ARC107221,0.6434856526355998
ARC102856,0.33657385676051954
ARC106591,0.2317069403529557
ARC106547,0.630100914450072
ARC105669,0.2107486655961348
ARC104543,0.36967543178024465
ARC108580,0.4795314479868311
ARC102289,0.634458163036875
ARC105516,0.15728137908520246
ARC100056,0.48585840129329955
ARC106083,0.19753125921976408
ARC108790,0.3282393291931305
ARC105279,0.633605359185874
ARC105627,0.4451067589726553
ARC100515,0.2652746810393116
ARC103112,0.5196426340627255
ARC105177,0.48587560500354143
ARC101661,0.25658686847562556
ARC107497,0.6453594476086496
ARC101111,0.36128482924209265
ARC107762,0.3499734887905483
ARC100374,0.5695640678255646
ARC104875,0.618355077622928
ARC107736,0.11143947067964328
ARC108310,0.5590476987999423
ARC104375,0.41353159960382896
ARC103898,0.5083398585819896
ARC105987,0.42638780184542685
ARC101997,0.3963990104943117
ARC107477,0.5726135524633879
ARC108463,0.38195830458419683
ARC106784,0.4806371158323423
ARC102113,0.37087939498599376
ARC108650,0.5343280080390409
ARC103253,0.23291181063045852
ARC102852,0.8151401938482993
ARC105992,0.3749226559462826
ARC104607,0.4100137157155416
ARC107759,0.5514200649807598
ARC106186,0.16197426496569264
ARC100965,0.4931467467555396
ARC103455,0.5382693689019484
ARC105559,0.6340792935201818
ARC108681,0.4871928216602021
ARC103634,0.45691080064249695
ARC102405,0.30992312229222857
ARC104078,0.0898168196857232
ARC107833,0.20027334452798504
ARC102258,0.6947506957253813
ARC101802,0.46456640548371253
ARC108176,0.21377674543781766
ARC107457,0.17993078937463336
ARC104231,0.599973030033184
ARC100892,0.15634466965168273
ARC106457,0.3031160216084869
ARC107637,0.5301835163905502
ARC101440,0.40684331325145934
ARC108325,0.16867060869026712
ARC102021,0.6471414516823703
ARC105147,0.4014866719645965
ARC104510,0.16872704178023407
ARC106145,0.3179712514490264
ARC103856,0.4953416660182368
ARC104562,0.5014406044138225
ARC101583,0.6875376882813516
ARC106267,0.5244254570426076
ARC105497,0.5680809970836479
ARC100421,0.6610489904982461
ARC101875,0.6094520602623454
ARC105464,0.22909786437072813
ARC108860,0.5438516996387549
ARC106435,0.5491209805443826
ARC106793,0.6443663758319084
ARC105242,0.2554129073189747
ARC103484,0.605853622740299
ARC103061,0.36646580623601344
ARC107082,0.15790134474767398
ARC107632,0.7279626381809438
ARC101407,0.4998660949316898
ARC105886,0.5466003262269119
ARC101675,0.5849578613507982
ARC107882,0.14931363534355815
ARC107899,0.17165380568185487
ARC102284,0.36072521052384365
ARC102788,0.2930920198279914
ARC101390,0.5142563682798705
ARC103834,0.3500005905260655
ARC104133,0.45498764940156283
ARC104350,0.5147443200247829
ARC100924,0.614329641564393
ARC107948,0.4285676659392755
ARC107649,0.7970173245776259
ARC100563,0.2665004702318797
ARC100162,0.6064017959067683
ARC106663,0.34786046843223983
ARC106861,0.5144621411932643
ARC102685,0.25720253542664184
ARC104975,0.5169655489756331
ARC105227,0.5079464747212957
ARC104835,0.23128041199224667
ARC101463,0.5088110690929953
ARC101935,0.5076009750449569
ARC107570,0.40089100140285583
ARC101989,0.48115525174715895
ARC100901,0.46905841145201405
ARC103228,0.47309876500421816
ARC102011,0.48763182035026237
ARC105426,0.5481963328080808
ARC104570,0.2602108036853805
ARC103449,0.24910832683924908
ARC101193,0.09495020473774907
ARC103698,0.6755537865922479
ARC102028,0.22675381157817934
ARC107693,0.32574086471906943
ARC104424,0.27513486507413404
ARC104774,0.3911238494613124
ARC108874,0.5480534795128179
ARC107309,0.42911787418207464
ARC105093,0.7878943794557515
ARC107401,0.39408229027172426
ARC102301,0.29544336103268437
ARC100830,0.4970825920685572
ARC102984,0.3543825758790032
ARC107208,0.3339377509964846
ARC102193,0.4543781252596475
ARC106755,0.551604306639809
ARC107984,0.3612585547059808
ARC106532,0.2937299491567439
ARC108433,0.45372408642049933
ARC101589,0.4745673305692998
ARC102270,0.3997730336554114
ARC103782,0.4740376022689825
ARC102054,0.33877854852937417
ARC105760,0.42825705036434375
ARC108656,0.6491124897382408
ARC108339,0.19771970125919466
ARC100890,0.16901601037800465
ARC106633,0.46555383845378306
ARC101637,0.40830161569842377
ARC103267,0.5681222584412448
ARC101572,0.4470601113256406
ARC100314,0.6517271949507756
ARC106019,0.583550099429507
ARC107205,0.5024685799307222
ARC107824,0.35216353760278346
ARC101831,0.543580056387595
ARC108299,0.06422812876413463
ARC106826,0.630476950904166
ARC104465,0.4639378581984846
ARC106136,0.4885536660412671
ARC100652,0.44330994579401484
ARC104882,0.5467731162943786
ARC108740,0.30427270746884527
ARC108125,0.48175820409330855
ARC104472,0.10965491225502637
ARC103910,0.4316997161416465
ARC100855,0.3502789973453549
ARC106456,0.4881818792610125
ARC107901,0.4349124076360479
ARC101648,0.0887103916748005
ARC103021,0.6052830067478492
ARC101312,0.5923112564550698
ARC100896,0.4925766264333152
ARC102836,0.17842328198324378
ARC108257,0.36820484631231093
ARC102883,0.21755604525131417
ARC106529,0.29714973634650643
ARC102662,0.41343381448490246
ARC108751,0.38823221109544676
ARC108392,0.39843659808309334
ARC101039,0.3386468448077387
ARC101344,0.46171752139486605
ARC102522,0.32964266603497056
ARC107797,0.639732898555291
ARC105814,0.5002687916755973
ARC103203,0.6212840176571278
ARC102610,0.6668851318389298
ARC105069,0.5225859335784716
ARC107022,0.6718419598046576
ARC103691,0.5606191872959673
ARC103174,0.15304114606597694
ARC100221,0.7226888478911445
ARC106876,0.16067788274309652
ARC100905,0.5544592190768873
ARC102572,0.3985624997828587
ARC104597,0.3879346967905376
ARC105676,0.5356714229273959
ARC106644,0.5820911044020107
ARC108277,0.7819347146016913
ARC104081,0.5998108783079066
ARC100615,0.5789040228258262
ARC102161,0.3402903376959962
ARC102466,0.5756217768817644
ARC107746,0.2664507725257852
ARC104283,0.4348782786562814
ARC103323,0.43972230122439177
ARC105494,0.561776801714269
ARC105270,0.4689114466619746
ARC103545,0.20807115504634952
ARC100934,0.596157910325126
ARC103952,0.24740796831451106
ARC103047,0.7146102841300884
ARC105456,0.5863977931886442
ARC100539,0.42206511443448563
ARC108992,0.2784707627565592
ARC105006,0.5967766047070613
ARC104754,0.23042454073747082
ARC104298,0.07134561428587922
ARC104237,0.5629749722261425
ARC105445,0.18534809064757926
ARC104757,0.6645838374260692
ARC101279,0.28652923450153717
ARC100842,0.2353352136780959
ARC107355,0.6661373388885256
ARC106013,0.618759737957785
ARC103722,0.4541414076701212
ARC105370,0.3666681211106561
ARC103294,0.5535823321760502
ARC103331,0.5851457102743689
ARC102127,0.4206830231507599
ARC103923,0.19325830073947947
ARC107976,0.3605711398868339
ARC107027,0.262953184742157
ARC101441,0.33369744343219687
ARC106219,0.6599897910919001
ARC105199,0.3700885314887989
ARC101473,0.5135092545961486
ARC105100,0.47865201464172674
ARC102000,0.3981105221143541
ARC105620,0.30957202168095127
ARC102830,0.22392797847989754
ARC103399,0.44896716371666
ARC100582,0.20177897263291256
ARC106913,0.6039910776619868
ARC104382,0.17283957602144615
ARC107972,0.4493965545688324
ARC103860,0.27217631150478955
ARC106730,0.3920817367595666
ARC107110,0.47581412580161186
ARC104051,0.3743281898265591
ARC103468,0.06482379204177594
ARC102035,0.3689650149328478
ARC102170,0.46659639459199526
ARC101741,0.3410755406669104
ARC104100,0.21737770502174802
ARC101686,0.4462173271754464
ARC107608,0.3065072253661455
ARC102655,0.5015546088879016
ARC101419,0.175663280832593
ARC105970,0.2771985044117191
ARC101897,0.42559775017715135
ARC100458,0.38742930266806974
ARC105647,0.5980210115611547
ARC105201,0.5550209257284269
ARC103265,0.29099263209354875
ARC100227,0.4935547890903483
ARC100796,0.5201850386502215
ARC107982,0.645490180227888
ARC104151,0.5139502295180386
ARC108695,0.510360719107887
ARC105417,0.48166217572854
ARC102169,0.5356148582185779
ARC105363,0.47460962880093666
ARC104541,0.30309919682051323
ARC103178,0.5541084926678405
ARC103409,0.4416953918499635
ARC101858,0.4541062362628063
ARC107952,0.5333302949457636
ARC103030,0.2954315992054926
ARC102588,0.33418348780949975
ARC104411,0.6172326433361882
ARC100100,0.5754408269463747
ARC105978,0.42351189560666813
ARC104869,0.14581929910566482
ARC102209,0.48213440045634703
ARC102933,0.4426149971718609
ARC100948,0.6728265228893167
ARC104522,0.20756398425679604
ARC106716,0.18193973373799796
ARC100835,0.5672563184970899
ARC104024,0.4640963409640186
ARC106100,0.5025163056224348
ARC101163,0.3850402875825367
ARC101642,0.3177070410834541
ARC101511,0.5727825904943175
ARC102292,0.3516235440990125
ARC108184,0.6681161595442368
ARC103164,0.4272378329424108
ARC106691,0.5355270635921111
ARC102701,0.48209646597460554
ARC100412,0.11108941463921167
ARC108611,0.5170704567689792
ARC107630,0.2684431931366195
ARC103080,0.32168383915872384
ARC104431,0.6471959750462448
ARC107480,0.2744634651498296
ARC103219,0.39098003684706434
ARC104113,0.4376583873523605
ARC103711,0.520042853683649
ARC108387,0.6926027939783217
ARC106917,0.4742395727758985
ARC107938,0.19645663949318626
ARC106807,0.5721115547652679
ARC100415,0.42635499338425076
ARC103659,0.6291074731102339
ARC100121,0.4338657763616382
ARC100062,0.6418502460395205
ARC106991,0.36589343690394555
ARC106698,0.6392203167270545
ARC105468,0.44528685867879486
ARC103930,0.689519359016321
ARC102172,0.5440094262518285
ARC100242,0.26385011140335185
ARC100922,0.5130026237843244
ARC104972,0.653632238057248
ARC105998,0.30954017579298837
ARC105838,0.13102760097128388
ARC104048,0.21179596030624412
ARC107214,0.3152729406787919
ARC106170,0.3628588665602414
ARC100717,0.501651525993495
ARC105537,0.5942947727827392
ARC107306,0.29733158665937004
ARC108870,0.39941430184460236
ARC105235,0.5444697249592968
ARC108706,0.27067303721830616
ARC100213,0.4070807997927231
ARC108470,0.21945746231671415
ARC100695,0.4534711122797214
ARC107750,0.3302993200873892
ARC102503,0.40293350601531236
ARC105439,0.309136059815073
ARC107892,0.6447827981275243
ARC101707,0.4579975848306652
ARC105706,0.5330688912139318
ARC101260,0.23763613585382026
ARC100540,0.626944692244716
ARC104507,0.5367505697010453
ARC103274,0.4153261126382841
ARC108520,0.64899478409488
ARC107690,0.42927450788873617
ARC100971,0.4724699544717501
ARC105492,0.49975181210701636
ARC102805,0.4178130183350002
ARC105565,0.5900065390247702
ARC101436,0.17744719485496324
ARC108258,0.26383019152116083
ARC108376,0.6096062873660476
ARC104003,0.30907455056121713
ARC102983,0.45827158557508624
ARC103681,0.33457509533116997
ARC108960,0.12037959111572213
ARC100903,0.12664678348684213
ARC102268,0.4816752461952719
ARC101925,0.16265575616320832
ARC105622,0.49391028019821304
ARC103311,0.5444502199810274
ARC108013,0.5440904000736627
ARC101057,0.4886416847229161
ARC103700,0.5345779117738156
ARC102535,0.27011137798453183
ARC100522,0.5023744847146351
ARC101754,0.1274351176593934
ARC102431,0.7044815747035633
ARC107064,0.6077820902336015
ARC104518,0.5311400097068322
ARC102705,0.6144426045705326
ARC100748,0.3504858452318157
ARC108126,0.43519358757345167
ARC103037,0.1911762950176691
ARC106033,0.43868341768023494
ARC108460,0.17059353729798926
ARC104660,0.6399589065095417
ARC108221,0.650989703877013
ARC101136,0.46126380647016524
ARC107992,0.5197669817807873
ARC103693,0.4964648998851057
ARC107303,0.6165750902746637
ARC100210,0.20323696686497966
ARC100511,0.2779793072904419
ARC101083,0.4260636144141356
ARC104080,0.380560692176901
ARC100678,0.45986723301342664
ARC106273,0.33984024844625854
ARC107439,0.2674259088736629
ARC102271,0.6666582690652687
ARC103610,0.5130122034322243
ARC103475,0.24123803895329896
ARC100459,0.23251501069847486
ARC107076,0.5030907256391919
ARC100770,0.3704845736547605
ARC105617,0.3811540235421427
ARC108348,0.2617139086964885
ARC101763,0.5767630500140083
ARC100732,0.6120602072056304
ARC104762,0.23907614434755078
ARC104143,0.46299076248941917
ARC102199,0.2591266108979083
ARC107803,0.47842298349611084
ARC104093,0.5082249779658584
ARC105579,0.3404622200858947
ARC103397,0.05847752479308057
ARC101673,0.0
ARC101646,0.53920312040751
ARC104071,0.6652391874713994
ARC103853,0.5107213690550543
ARC101708,0.32331820855256727
ARC104964,0.0828574162776827
ARC102519,0.5276717682178942
ARC107149,0.4529429761143545
ARC102246,0.5538316834046872
ARC102203,0.551689874683068
ARC104640,0.3690182785217884
ARC102551,0.25195026261029935
ARC106417,0.20472533927345501
ARC104898,0.3654558383851069
ARC105291,0.31966334991945095
ARC108047,0.4463817487635472
ARC108399,0.3916917809709515
ARC106318,0.31113609899766365
ARC106935,0.5100744958853413
ARC105619,0.4027197628049615
ARC107612,0.23678903033392343
ARC102717,0.5756400847883051
ARC101617,0.4509948924861263
ARC102769,0.3004413722151037
ARC105126,0.62058892129932
ARC104021,0.22594091046040496
ARC103277,0.5280919750215312
ARC100804,0.6169276151090285
ARC103338,0.5983608005190394
ARC108598,0.525593480795584
ARC103543,0.6224029863983235
ARC100181,0.01579239179438565
ARC105109,0.4555553315758037
ARC108147,0.16065715105961004
ARC100208,0.6175386038646827
ARC107703,0.482108017069326
ARC108582,0.567078867919951
ARC102785,0.33327160430912395
ARC107823,0.45963671775281595
ARC108294,0.34452495646817893
ARC105183,0.36080772750727996
ARC106281,0.5434758986231473
ARC105217,0.5123728761207513
ARC108082,0.11945380234694407
ARC106928,0.5036610404937919
ARC102715,0.3687369044243636
ARC102878,0.2780714420328317
ARC100484,0.22400385069381631
ARC104477,0.14181168058185292
ARC107262,0.546996421276211
ARC101910,0.4516676656809583
ARC100287,0.26907640610514133
ARC108798,0.5675932984304137
ARC102379,0.5166099886816568
ARC105007,0.21971666131688616
ARC106675,0.36786903359606166
ARC102434,0.34427667426691044
ARC101268,0.1347446991721018
ARC103830,0.4252502807010638
ARC100047,0.6335700210042282
ARC107758,0.6349206901848028
ARC107231,0.5002727169674162
ARC103186,0.5164062023246094
ARC108701,0.47508312773906347
ARC101543,0.5231622342099154
ARC102555,0.33954862601429303
ARC108293,0.5120494574767734
ARC100247,0.40940710779732864
ARC107481,0.5253069445326289
ARC107945,0.1414516060196229
ARC103077,0.6213148653646852
ARC101334,0.3354942735179627
ARC102315,0.20397343170345705
ARC107028,0.35955270998517336
ARC106843,0.36553450273874977
ARC105296,0.4715741688194428
ARC103085,0.4270191302097125
ARC102094,0.5064337960997841
ARC108558,0.5083179638062489
ARC107727,0.6380398377375637
ARC102392,0.32803629691380043
ARC105704,0.3041757521722009
ARC102134,0.27420938434143666
ARC100718,0.08976994752336623
ARC106255,0.42019887472807227
ARC107096,0.5971360816006465
ARC107634,0.24118504890087833
ARC106393,0.48028940206440807
ARC101172,0.5674142575611568
ARC100295,0.3261330681977344
ARC103143,0.2145449956934821
ARC102282,0.5348361586990129
ARC108453,0.34945500739974367
ARC104540,0.6102645254523759
ARC108955,0.4993482533832574
ARC104300,0.27039098042932896
ARC101601,0.4553899931786757
ARC101970,0.5738559974749095
ARC102346,0.3916865562789878
ARC107136,0.3102576128430281
ARC104551,0.3060586767870008
ARC104676,0.3519484515437815
ARC105879,0.583343797282981
ARC105861,0.49294372323596586
ARC103249,0.3755747717248561
ARC108201,0.27794975460997684
ARC100685,0.4713569688053674
ARC101391,0.32134553949248257
ARC102495,0.4806866502216929
ARC101494,0.18353965559849839
ARC103299,0.6109808352059939
ARC107451,0.24061503244743385
ARC103959,0.37132601530853243
ARC105866,0.6290237442406192
ARC103039,0.6187798150220581
ARC105186,0.3925887422216887
ARC103984,0.6230168372731013
ARC102101,0.545343500893075
ARC108266,0.5427879231273732
ARC101876,0.6768094710592236
ARC104407,0.4671762780218772
ARC100533,0.3584560612876635
ARC104884,0.20676370305590655
ARC100673,0.324211076796608
ARC105976,0.6369209517512116
ARC100377,0.49756511585042995
ARC103197,0.4503502743731199
ARC103063,0.37097278338148665
ARC101414,0.36909284684549903
ARC108462,0.45838115648699673
ARC106048,0.37715842348104545
ARC104444,0.4225922751060865
ARC107473,0.5799335801424833
ARC103673,0.527031641855109
ARC108945,0.31449772647008517
ARC108674,0.5654556887229946
ARC103921,0.6680526059504256
ARC107342,0.2767576821765728
ARC105927,0.7295984375815472
ARC106401,0.36083999438589487
ARC105231,0.27974152127580804
ARC100140,0.4453209801471152
ARC100641,0.5936373726816552
ARC104469,0.5554358767035816
ARC100863,0.37149513877200313
ARC100541,0.582794547906706
ARC104894,0.557427471413313
ARC102680,0.4207871762169782
ARC100094,0.4340198152764761
ARC107973,0.490470900584633
ARC106559,0.5119392827892982
ARC101195,0.4285446452728034
ARC107285,0.41864079392359516
ARC102091,0.42196869140632476
ARC103406,0.27450251345152715
ARC104369,0.5438284138888777
ARC108250,0.5711285184208041
ARC108308,0.6501618853621248
ARC103587,0.16530294283830824
ARC106535,0.6364055009815726
ARC108958,0.20510029259575033
ARC104240,0.5361632751716314
ARC102261,0.18243042952827412
ARC100158,0.38596994673443685
ARC100750,0.44437842040920844
ARC107183,0.6239999616661402
ARC105289,0.32499900600709963
ARC101568,0.33656811149523497
ARC108271,0.24305835186336938
ARC107848,0.26548778388003147
ARC100460,0.3686612232040477
ARC103605,0.5910339461817526
ARC103361,0.33134602385368184
ARC105799,0.6612187122852481
ARC106713,0.3990529640187132
ARC106162,0.4654517045305906
ARC107614,0.3968957882903949
ARC102962,0.43743975191614637
ARC107894,0.4108707523603574
ARC105649,0.11012991861627328
ARC107795,0.2564878882081801
ARC103194,0.4687604199916582
ARC104596,0.25236841514984504
ARC108300,0.49988448239058547
ARC101228,0.38688671422371584
ARC102417,0.20484923785142609
ARC101167,0.4876290129070186
ARC105325,0.24161567669200318
ARC102820,0.5886608595409595
ARC108187,0.3289662971892731
ARC101928,0.5363648801740817
ARC108270,0.15813102316857122
ARC100102,0.5796362190148039
ARC108281,0.591871618973201
ARC105901,0.4240366218791737
ARC107601,0.3314121457471862
ARC100852,0.35425415200102595
ARC102124,0.6228087584429729
ARC100445,0.5326861743499189
ARC103747,0.19732327797175972
ARC105948,0.23647927020091525
ARC102928,0.43881589806771487
ARC103236,0.21976605096989463
ARC108342,0.20174086093969146
ARC108844,0.14374235956718584
ARC107944,0.22322526893911543
ARC101900,0.39317551541966167
ARC106907,0.5509452933846234
ARC107013,0.6711967651794973
ARC108211,0.29309406711755537
ARC107446,0.49466035362716637
ARC106035,0.5316835572805378
ARC107001,0.34320963259265563
ARC100900,0.42100522629742637
ARC107191,0.7102156589548104
ARC103892,0.5780725668267975
ARC105858,0.6950209533529202
ARC105898,0.42567185213121705
ARC107158,0.4677586055881542
ARC108092,0.6274732992280935
ARC107871,0.4747425420166596
ARC105407,0.36305121777221105
ARC106244,0.6232696826523294
ARC106486,0.39451007518031606
ARC106811,0.6417232077498272
ARC103227,0.42435657109504166
ARC100244,0.37279232896518777
ARC108467,0.46927829574821844
ARC108021,0.5273616144093519
ARC106395,0.3042128412311312
ARC104857,0.36130532283218464
ARC103966,0.6565319151839151
ARC108996,0.5297735285180822
ARC100797,0.15322374400250147
ARC102799,0.4478899364551381
ARC103929,0.4196520829267319
ARC100799,0.4642937397114364
ARC101235,0.5295035630045996
ARC102267,0.4113786820792403
ARC103479,0.2562210146702
ARC104814,0.38668935372849056
ARC108521,0.5190127737557935
ARC104699,0.6325502197708917
ARC105533,0.542295093539928
ARC102413,0.49326177135003085
ARC104004,0.48738441894018386
ARC108823,0.39085369524778496
ARC100183,0.046157890416816824
ARC108816,0.1434768882292812
ARC102331,0.6700020332348415
ARC106939,0.2550950258715888
ARC103283,0.49817932858726793
ARC101110,0.5101246962972168
ARC105773,0.6001771560815325
ARC102631,0.1264647581956301
ARC103345,0.44780587173228603
ARC100194,0.2796090742601573
ARC108393,0.24918845521621397
ARC108525,0.3351367921988376
ARC102448,0.5899020073650111
ARC103496,0.3933879293869773
ARC106237,0.728801977485859
ARC106105,0.630924711236379
ARC106181,0.21519584623304852
ARC102827,0.33520748352871127
ARC106431,0.21488220449515633
ARC101966,0.44336153677960316
ARC104910,0.4255247752149185
ARC101113,0.3252765211095683
ARC102976,0.32773794070927387
ARC104498,0.45639885962924387
ARC103986,0.43241523770552237
ARC108033,0.390703597487873
ARC106921,0.3827113835622851
ARC107617,0.49493147517503433
ARC104560,0.32859380115727654
ARC104932,0.37450660237296535
ARC104200,0.2808915181566126
ARC103675,0.5500810600448103
ARC105206,0.023645093123791414
ARC104425,0.25095965223278255
ARC104015,0.6048149226724713
ARC103015,0.5787077233845781
ARC107521,0.2838051234007433
ARC102397,0.31950089823159605
ARC102959,0.5873211962329408
ARC103166,0.24197248909109562
ARC108746,0.25224517740203395
ARC107320,0.41049348138188496
ARC103707,0.5566764040146955
ARC103157,0.6514969243750323
ARC101435,0.1794567579996013
ARC102636,0.1859918302377324
ARC108306,0.5369957847533611
ARC106534,0.41169343884347026
ARC100039,0.27267655951242487
ARC100610,0.4506181875057035
ARC105373,0.5922848509787192
ARC108350,0.3341721313955574
ARC101526,0.3794993334332684
ARC102004,0.4638087883751074
ARC101421,0.4126947174318984
ARC103706,0.4398779691141851
ARC106455,0.1937438389508918
ARC102759,0.17517756820390928
ARC108156,0.25899782760484197
ARC100551,0.5810492751315327
ARC100906,0.5603807633959386
ARC107399,0.26879319584189293
ARC104529,0.42377387491798496
ARC107918,0.2710518349585392
ARC105058,0.22643927320228985
ARC100340,0.5985493862687749
ARC102940,0.31399586319694417
ARC101041,0.30664530329212364
ARC100754,0.4971198002502265
ARC100312,0.37433465284387707
ARC103168,0.3093419266834214
ARC100051,0.3279767645980304
ARC107438,0.5232491902973488
ARC108360,0.26947757945347267
ARC102368,0.5187778909825703
ARC105128,0.5777158146773318
ARC100038,0.5702612606454256
ARC107199,0.5268161922520047
ARC101329,0.3573054211174022
ARC103649,0.5520409814941464
ARC107806,0.3738537444328508
ARC101740,0.574725324487461
ARC101213,0.27620147459576094
ARC102756,0.5491932468094239
ARC103033,0.35570661238412726
ARC105984,0.4579577716857309
ARC103135,0.3985844833066531
ARC101442,0.4407363652969345
ARC103893,0.07332720633764507
ARC106516,0.41516772029331767
ARC103390,0.5524042181141297
ARC103775,0.14467066733727535
ARC106613,0.31413748481189474
ARC106654,0.19742752435158467
ARC101095,0.5170449225261214
ARC101306,0.5040519252396506
ARC106490,0.3957781092303961
ARC108128,0.4993006034426059
ARC107818,0.5953967956704047
ARC100639,0.3365242828716898
ARC106737,0.40388976503414
ARC103223,0.10395156652683984
ARC102141,0.4100907576970875
ARC107605,0.038480366145467404
ARC101657,0.42809124981383545
ARC106191,0.5551313499944411
ARC102671,0.18513694407763032
ARC106946,0.3627550399834028
ARC105936,0.4755198588222471
ARC107085,0.6537577017711189
ARC101384,0.5044377247034343
ARC105047,0.48549599704729546
ARC108075,0.3001245253753016
ARC106357,0.1872642833768779
ARC100936,0.30957911409415984
ARC107624,0.6482983901294423
ARC105180,0.45300534235795226
ARC107044,0.37040721312816055
ARC105811,0.47515849661257875
ARC108329,0.2768805989017693
ARC103273,0.6315230392474638
ARC106266,0.23387658036613204
ARC107737,0.15623858680584288
ARC108736,0.4924047021692503
ARC106074,0.26002111187997895
ARC107807,0.24301193671533206
ARC100212,0.5893000886785972
ARC108713,0.4934432859960495
ARC107586,0.47700260226624364
ARC102039,0.41076021488406717
ARC105954,0.40106792590537
ARC106759,0.41723611239038405
ARC107007,0.21187748749473534
ARC102911,0.4522036399217209
ARC107326,0.10165887764787751
ARC105685,0.38466113306614474
ARC107089,0.38059415915319444
ARC105135,0.552739539531646
ARC106517,0.3017979280011266
ARC106505,0.5394337131159573
ARC108889,0.4289101237088066
ARC106594,0.2968368844246945
ARC101991,0.4793340153649577
ARC106025,0.5991977849685362
ARC107659,0.40047377915112925
ARC104016,0.3018003692409817
ARC108150,0.4989503728954207
ARC101730,0.20355256141000824
ARC105068,0.3575607083472167
ARC101905,0.3987163488833009
ARC103114,0.3275695900460861
ARC108465,0.34103929205729616
ARC103355,0.28452595893079974
ARC100996,0.48576325600900166
ARC108194,0.5035824354187564
ARC103541,0.44552008289798845
ARC101872,0.1653293164863197
ARC108012,0.4636754255432083
ARC107109,0.26355117247982657
ARC100392,0.34090269269675333
ARC106092,0.45402825361364374
ARC105481,0.4515590499393678
ARC105543,0.2042028072257216
ARC102920,0.607939319319775
ARC108316,0.30967206613867143
ARC105083,0.20604064555057122
ARC107983,0.40894163998189614
ARC104310,0.45784648810010137
ARC100387,0.24543004489957443
ARC100701,0.5111063249772024
ARC106371,0.449946482559608
ARC104368,0.5110192725094962
ARC104086,0.48350150943359765
ARC107378,0.4883500172051527
ARC104639,0.5416623014452554
ARC108442,0.4787664570082689
ARC104055,0.42212850543374064
ARC106927,0.5941074395468335
ARC102242,0.6276597670113594
ARC102084,0.5458961235037995
ARC102374,0.2506592028509646
ARC108500,0.20709243267000288
ARC108589,0.7518500714814437
ARC106574,0.417476562317338
ARC103607,0.2161732579526027
ARC103918,0.20870873207733917
ARC102789,0.3111363574589908
ARC106400,0.1846019981189667
ARC108935,0.12556864614426938
ARC105308,0.3552847420446078
ARC103817,0.6188792890386184
ARC108822,0.6075427003853426
ARC101003,0.5670666445237473
ARC104122,0.5257246845577089
ARC102806,0.2610007596212935
ARC101375,0.1419672582583775
ARC100561,0.3775345818850574
ARC102846,0.6711855902059614
ARC100730,0.3710013249606745
ARC101335,0.36208375106578405
ARC102043,0.747684784324792
ARC108416,0.3337899008585639
ARC101777,0.46479253551322075
ARC101944,0.496535043734077
ARC108772,0.7258363753441341
ARC106285,0.37316105072112554
ARC107678,0.631151912660933
ARC104881,0.4675238731934863
ARC103389,0.6982412255641
ARC100101,0.3494355119203526
ARC106340,0.3179365519993958
ARC105529,0.1571105934266548
ARC101128,0.7347951014219457
ARC108379,0.29061127719601315
ARC100083,0.15622565127017163
ARC108052,0.0
ARC101448,0.3936262548762827
ARC103640,0.5915494107651929
ARC106821,0.5264007372157942
ARC104749,0.6692473799931766
ARC107079,0.38512683843270173
ARC102310,0.44266611982090104
ARC106914,0.43296202587963745
ARC106410,0.5639708622824767
ARC103242,0.41019034670542354
ARC101497,0.5591728966155345
ARC102306,0.46991195334089997
ARC106881,0.33048754048775497
ARC106036,0.5346572514217791
ARC106795,0.4492655560474317
ARC105654,0.3583775650174403
ARC100089,0.6881439659787426
ARC103306,0.3702010271978065
ARC101355,0.5521786056295378
ARC105344,0.537103506222491
ARC107141,0.5215972273603454
ARC103674,0.5111259365210091
ARC108068,0.5437164910627267
ARC104772,0.220384059579972
ARC108291,0.16361698523347054
ARC108196,0.5871758942367294
ARC108154,0.43073021744978096
ARC108435,0.4335622334617821
ARC102762,0.33057943350502467
ARC103182,0.2539195827623033
ARC100780,0.6469442226833116
ARC105634,0.44192457209686825
ARC107187,0.6536410618278164
ARC107279,0.5218905148932041
ARC106996,0.5856935001939961
ARC103671,0.5023408261061313
ARC107257,0.6413892731087056
ARC105555,0.15029696749840785
ARC105375,0.7130778253347099
ARC108173,0.19651631876291514
ARC106173,0.14622269100926155
ARC102658,0.17589810983439905
ARC105305,0.49848930961800325
ARC103772,0.4514198326734634
ARC100648,0.27774597074828467
ARC104124,0.419343751924638
ARC106626,0.6298095087783806
ARC106310,0.4402418883156388
ARC104230,0.5184555337019897
ARC102025,0.5463417893084669
ARC105930,0.39883192928226757
ARC101034,0.300647585720076
ARC104340,0.36230088003795824
ARC102991,0.2558442826824962
ARC105536,0.32641883722538234
ARC108007,0.43848328105322854
ARC108604,0.5355969811974308
ARC102204,0.1179422287580724
ARC102217,0.6820160913829012
ARC100008,0.4766095679163253
ARC102862,0.44541825644979044
ARC106831,0.43146280350946564
ARC108946,0.2446039485852472
ARC101434,0.4504275135882073
ARC108693,0.4618029779200381
ARC106484,0.4694976242531327
ARC104182,0.6196105791614762
ARC108076,0.3278609011927269
ARC108164,0.20530543871189347
ARC100743,0.5662867311677678
ARC101995,0.31655350591547543
ARC104532,0.5235456948349401
ARC103787,0.13847733288390865
ARC100177,0.5070278619615298
ARC102281,0.08554893872619877
ARC102906,0.3221755967568186
ARC102945,0.17774905360681595
ARC108401,0.17257862619745246
ARC102198,0.4232924831547034
ARC105158,0.43000482537736073
ARC103709,0.3809826639869109
ARC102586,0.1308760245508816
ARC100672,0.3466926486735409
ARC104609,0.5285063593320173
ARC100402,0.5984261660114641
ARC100694,0.3860492345234752
ARC108543,0.19613966469039984
ARC105326,0.4205488982428692
ARC106615,0.4610055740292881
ARC104970,0.2384432959293497
ARC101241,0.42821832863450526
ARC105897,0.5172264585973869
ARC108923,0.6204188699888094
ARC100917,0.633297116163821
ARC104503,0.42122203722290086
ARC105519,0.12911108029115723
ARC105387,0.53005452678483
ARC103062,0.4110678678832092
ARC104384,0.1841817011023192
ARC107530,0.4631924422031914
ARC101107,0.24219973937278422
ARC100351,0.5307153775311888
ARC102904,0.5537380004016108
ARC106153,0.1887931393893643
ARC103738,0.4815225507003492
ARC103759,0.28210031647143957
ARC108029,0.1557017357490034
ARC107170,0.5734459054177488
ARC104106,0.6773774269594508
ARC100333,0.22599861748476638
ARC100456,0.30479880444207463
ARC105754,0.26601409880728216
ARC101538,0.2145035132501111
ARC106596,0.20861882931227096
ARC107953,0.4746287565365382
ARC101965,0.12686249949537648
ARC101841,0.46485079985186506
ARC103210,0.3417524645697482
ARC107779,0.24552642859861587
ARC102961,0.3732201798966417
ARC104613,0.2912528465035142
ARC105690,0.3111604832836313
ARC106150,0.5285178879299931
ARC102345,0.5031758564481357
ARC106704,0.4672290564422481
ARC105421,0.4262069648803227
ARC100407,0.2586922559500573
ARC101040,0.5036094981965885
ARC103783,0.3739065056400873
ARC104965,0.6888694707330919
ARC107633,0.26113432621332466
ARC101197,0.42186202235997866
ARC100451,0.3325111584073243
ARC104361,0.5856550301620999
ARC105020,0.5940382956229118
ARC100095,0.3178420033427841
ARC107957,0.26086538826777317
ARC101683,0.17240942673984327
ARC101179,0.349559459790651
ARC104674,0.4500235004605524
ARC100134,0.5486692619119782
ARC105461,0.38917006096082607
ARC108682,0.27719504520078453
ARC106234,0.5926916379944963
ARC108739,0.3867138855866649
ARC107861,0.46888644686726466
ARC105836,0.33638246351129514
ARC100687,0.6492894738752581
ARC108002,0.4889080024490945
ARC100596,0.24000476281612856
ARC106450,0.40407052309841884
ARC104573,0.4609733860837982
ARC104426,0.466828493178964
ARC106459,0.24962201681081067
ARC107051,0.48128800257375337
ARC104121,0.41514058921231833
ARC107546,0.20456766121055397
ARC105297,0.34602749818638234
ARC105271,0.4420152119491115
ARC106851,0.1672390548076094
ARC100950,0.36780948796455054
ARC102287,0.4488196330881411
ARC106240,0.2773894334343226
ARC108647,0.47643044718261557
ARC108590,0.40926210888935666
ARC103272,0.45580695352216094
ARC100741,0.3886868376771983
ARC108969,0.45494616086998213
ARC106268,0.5834267046578322
ARC100895,0.40069333917263783
ARC102531,0.4572424330859197
ARC106839,0.4811225618320385
ARC108976,0.16298010108701028
ARC100246,0.5045650888569728
ARC104664,0.355485589252147
ARC107396,0.42480892464362957
ARC100949,0.6110267136200888
ARC105239,0.49745161768205354
ARC107650,0.5971710288349001
ARC105937,0.22343535968626213
ARC104954,0.3428961133107071
ARC104872,0.5149877246832687
ARC100117,0.37765287532445757
ARC108113,0.4254783492012052
ARC100788,0.5258723452184735
ARC106306,0.4312612082296174
ARC104907,0.3057463290635689
ARC101677,0.29782699804982077
ARC104352,0.5331011451678244
ARC107229,0.37738291524705153
ARC102066,0.5745833781592349
ARC101225,0.48579497852134806
ARC102927,0.38697725292736473
ARC107657,0.525422140359375
ARC107440,0.34490101680966745
ARC100396,0.6095217714798635
ARC102746,0.4185787703589963
ARC105275,0.4861081103826568
ARC104511,0.41142340396506577
ARC102406,0.25966163213020155
ARC102457,0.1914028400777868
ARC104076,0.651947216186118
ARC107906,0.456887458185069
ARC103150,0.29461615693878224
ARC101127,0.4232933551384912
ARC106640,0.34259366826967846
ARC102967,0.3431224811616708
ARC107888,0.5699689386852962
ARC107182,0.4728240429949288
ARC101706,0.4451734419936452
ARC102156,0.6638357746015464
ARC102768,0.5981017520072894
ARC103290,0.1607350468003163
ARC107532,0.4787841040466773
ARC108256,0.40267636449192823
ARC101219,0.33358084488474254
ARC100433,0.34056166123812964
ARC104450,0.5577765274568567
ARC107192,0.40916914253426373
ARC101782,0.4890541442786862
ARC108726,0.4893319322237171
ARC105353,0.5340259245281643
ARC107315,0.29694755189914984
ARC105645,0.33224662377389236
ARC104364,0.38629663905301664
ARC108340,0.43582627683115494
ARC106720,0.5668025238269638
ARC101417,0.4662145617095596
ARC106688,0.48443830191879955
ARC105758,0.3232332169231275
ARC100046,0.3035682111713251
ARC105759,0.729539281000866
ARC102936,0.701868252864963
ARC104571,0.2068613383769714
ARC101748,0.5453667375940503
ARC104862,0.12184978067954984
ARC101685,0.6500849621937473
ARC104290,0.5848522909458223
ARC103611,0.3774708329102383
ARC108910,0.22813826824363068
ARC106867,0.2049280270494315
ARC103221,0.3673594113076438
ARC106597,0.37638344194522555
ARC103263,0.3893414768336823
ARC106263,0.5429529500980828
ARC108652,0.24762279869906545
ARC105724,0.39339353611167704
ARC108193,0.5577840436997163
ARC106957,0.3018091120004808
ARC103604,0.43813083163683114
ARC103567,0.24180415294523588
ARC106779,0.19876453909718628
ARC100898,0.32686126347335054
ARC104891,0.4371489649498604
ARC107276,0.4427520683606139
ARC101000,0.31347303091786816
ARC100405,0.5243102990273074
ARC108026,0.6125770036404053
ARC104544,0.5527964310946527
ARC101074,0.5629690053311014
ARC102323,0.18206652585742616
ARC108981,0.5038065100224939
ARC102651,0.6180109556140946
ARC103003,0.33298839711184747
ARC102069,0.6209771887266607
ARC104567,0.34082706264684326
ARC108420,0.20252672327744603
ARC103763,0.49856738463809736
ARC100187,0.3474354257927685
ARC108900,0.4398658138329198
ARC107411,0.4803846730782547
ARC105366,0.46983163688722207
ARC101857,0.6548277808466753
ARC102516,0.5602272234397949
ARC103922,0.4082980256242807
ARC102547,0.2472320284919623
ARC101078,0.3169790923457908
ARC106279,0.6150904258767995
ARC107858,0.5106851938118653
ARC106910,0.41797120874139326
ARC101281,0.5517843140507113
ARC100889,0.4365665511278595
ARC100700,0.2491493583861241
ARC106841,0.48986819136491666
ARC105224,0.3280599773051607
ARC101602,0.3445306799827264
ARC106715,0.4239702439218741
ARC103083,0.5389721931645359
ARC104159,0.2831559783311162
ARC102986,0.5541097223103743
ARC100757,0.616300508572764
ARC105114,0.36237646294358994
ARC108367,0.24211976366898375
ARC104690,0.6817175752666544
ARC103705,0.5711746499339581
ARC104678,0.5120983678851789
ARC108343,0.4846448187896027
ARC103329,0.5945895192069889
ARC101545,0.30327602407800786
ARC102253,0.2813094650556458
ARC102971,0.3096753059009418
ARC103656,0.3543114564357721
ARC103742,0.5499750991327663
ARC107719,0.43054590769058676
ARC108328,0.6263327474012391
ARC108129,0.5401407440883583
ARC101121,0.6121186110146926
ARC102296,0.15214104920378965
ARC100510,0.4621921077842036
ARC106165,0.4117194542789966
ARC100991,0.37246952885726237
ARC102575,0.40107140193946
ARC101257,0.332963397633151
ARC101498,0.4583752378099556
ARC102567,0.24403007729005846
ARC101837,0.6409455201169164
ARC104830,0.41199086649069877
ARC107912,0.2863181251838905
ARC107119,0.4145948132493768
ARC102698,0.49143342106192844
ARC106444,0.6106296484307869
ARC104797,0.4831321874610887
ARC106531,0.64176576345392
ARC108315,0.3059949006364824
ARC101587,0.3580349971064237
ARC106112,0.3839307719511473
ARC106121,0.44872451599619295
ARC107740,0.5680478655818916
ARC107224,0.4366520189685289
ARC108542,0.48935050801427077
ARC101202,0.4149875032107267
ARC102885,0.5892277854581159
ARC100580,0.21638614627594555
ARC108907,0.4068958290463289
ARC106566,0.4885097955653274
ARC101289,0.36194089340484703
ARC105498,0.3440882028357258
ARC100705,0.3969574168980171
ARC107847,0.046967520235789505
ARC103213,0.5281925093538464
ARC104863,0.08902493902237861
ARC107268,0.5792117856018332
ARC101024,0.42680733754353806
ARC104927,0.1825305909973508
ARC100053,0.5328205010453759
ARC100727,0.3296721853194306
ARC103171,0.12314806375395912
ARC101096,0.3690541964355923
ARC100446,0.15235939297144838
ARC100912,0.5167307863781998
ARC106736,0.20061000161664508
ARC105448,0.32276275778774455
ARC105352,0.5226777891381665
ARC101291,0.41597731852283903
ARC102360,0.4260565725873485
ARC106443,0.40210584863179355
ARC104217,0.3220596820920375
ARC100521,0.37744954513531653
ARC104572,0.46007600112958363
ARC107195,0.3993052417242352
ARC105736,0.1671170187985441
ARC100762,0.33280655409094145
ARC107407,0.11847979908119621
ARC104027,0.28377856922702016
ARC102755,0.4667887972491832
ARC105767,0.7137544278930388
ARC104488,0.6616915500179172
ARC102423,0.38851506674002373
ARC105798,0.45357315736085
ARC103991,0.5785143966840837
ARC104457,0.5585393450957994
ARC108409,0.38353467070531244
ARC107869,0.40319501851131995
ARC106637,0.3186479649357503
ARC102633,0.44319628587086757
ARC105863,0.3686825386485585
ARC105693,0.3632525934859609
ARC108926,0.5243045575577829
ARC106124,0.16807952003174123
ARC104038,0.49978184076709936
ARC101830,0.08808813494760916
ARC106232,0.4682526116778877
ARC108862,0.4631100818198879
ARC103002,0.26810464641899073
ARC103527,0.6541307491577265
ARC103530,0.5753487358284634
ARC102244,0.15829743166962562
ARC103620,0.44374501817583445
ARC101787,0.5276898865347049
ARC105408,0.40498724289206234
ARC106050,0.18237633100990985
ARC108573,0.4177222777258638
ARC102416,0.5389838262200788
ARC105580,0.6980670541232696
ARC102725,0.3099013733806297
ARC108049,0.42222372265670194
ARC108687,0.437783537607936
ARC105332,0.40806754276475976
ARC102721,0.16008982693211857
ARC108207,0.29346433207454414
ARC102661,0.5789992489757124
ARC102722,0.3143213021902697
ARC105031,0.3434273656376896
ARC106230,0.21866957958704938
ARC106016,0.1376149985272064
ARC105292,0.4937907607161812
ARC102223,0.5512919253814373
ARC106780,0.32500328166828335
ARC103908,0.2449285148705007
ARC104461,0.4715589530229515
ARC103679,0.29162965521143963
ARC107638,0.14106590686941695
ARC102235,0.2370779446397676
ARC107798,0.5540504263992313
ARC102338,0.28166784999267847
ARC105463,0.3247988980528397
ARC102142,0.30256509035306545
ARC105219,0.10143464732422877
ARC106548,0.6359990136953448
ARC105111,0.5014860460132075
ARC104886,0.15990319130525538
ARC101696,0.38506685171594446
ARC107816,0.5253023190624184
ARC100300,0.3623491788293964
ARC103116,0.47458877420025186
ARC108856,0.4046517071664129
ARC106011,0.4901776007258205
ARC106650,0.540584686525916
ARC108683,0.1930253462185043
ARC108896,0.419927885985333
ARC107636,0.4079978243384311
ARC102351,0.3065959546430825
ARC102684,0.6507318872249114
ARC105577,0.2990284535329403
ARC103636,0.6147143756761042
ARC101132,0.6988811495992212
ARC102657,0.17535319581371756
ARC100507,0.3817597215068903
ARC102558,0.5188833739798868
ARC102720,0.5603954604722278
ARC105988,0.3596783709113025
ARC104755,0.710626765045932
ARC103642,0.3900357511295779
ARC106859,0.40660479282105944
ARC104666,0.5037808997460115
ARC107097,0.655545246754713
ARC105524,0.42971273544347693
ARC108566,0.2693876275612786
ARC106846,0.4476171120227405
ARC107943,0.5493703089041924
ARC102784,0.5268353070465981
ARC104398,0.5852631379849693
ARC102231,0.3764780420243048
ARC105045,0.5237409282634895
ARC102562,0.2822037086666886
ARC107940,0.282190327219399
ARC107142,0.48725318197489126
ARC104154,0.5339961161043798
ARC108833,0.3102302714644242
ARC102317,0.2587153233172508
ARC108046,0.6282590822796538
ARC108904,0.3422436832676062
ARC106039,0.44570205126762696
ARC107919,0.33586238937268614
ARC101874,0.4753832584988695
ARC106953,0.463167398417365
ARC100993,0.287434297023487
ARC100024,0.49084714368437943
ARC103529,0.30768500468043936
ARC106179,0.3278632727415946
ARC106787,0.14504500220174651
ARC106275,0.2307206752829598
ARC102977,0.37434179149350827
ARC103790,0.3362485624185355
ARC101901,0.6227712696712852
ARC106406,0.22091944926073948
ARC102140,0.6110587417852087
ARC108752,0.5617471670428381
ARC101881,0.5049713790810201
ARC100145,0.25947674273476773
ARC101871,0.4947788199787811
ARC106775,0.5884982153844429
ARC107907,0.33961663723579066
ARC108455,0.5064487445661175
ARC100578,0.5047627649957837
ARC103414,0.5102690556753056
ARC105668,0.5144326935168487
ARC101506,0.5768539754629449
ARC107488,0.19308540852458994
ARC102327,0.29918744028707117
ARC106338,0.5083297810726559
ARC104224,0.2819316076622454
ARC101772,0.22854434002968643
ARC107621,0.43285784727125026
ARC101769,0.5237814987678217
ARC103616,0.5832937708718571
ARC104116,0.3339722262784697
ARC103126,0.4763047641231469
ARC105673,0.5206505584360748
ARC108741,0.22137499040260442
ARC105729,0.6786356709180346
ARC104056,0.15111216883811696
ARC100079,0.2868599233788464
ARC103710,0.5439720702219177
ARC108997,0.4955241805007107
ARC103725,0.703469139783235
ARC102842,0.5193209178843466
ARC108512,0.1799061014479825
ARC105541,0.37806773256541315
ARC101994,0.3710666096081111
ARC105547,0.5576615972932504
ARC104378,0.5596062671247722
ARC104323,0.0
ARC104185,0.39105646816660833
ARC104988,0.5758552902337297
ARC104165,0.12754453423213258
ARC106947,0.6570992334185969
ARC100893,0.15639560083007858
ARC106543,0.4187350301976142
ARC102993,0.3128605241320521
ARC107157,0.25261921741228155
ARC108490,0.5588209118564403
ARC104655,0.49688627786399625
ARC102733,0.22734082041946896
ARC103508,0.35538393355043446
ARC100281,0.3946745467350202
ARC108560,0.41277678150723235
ARC106326,0.3453429142236615
ARC105379,0.39835036182203204
ARC107547,0.7064368735274419
ARC100899,0.5660141148050984
ARC102302,0.6754377821225791
ARC104348,0.33741237590267464
ARC103302,0.36050852902927744
ARC104575,0.5913521720835763
ARC104731,0.13997375481381108
ARC103503,0.6689898729015313
ARC104807,0.13449945443319117
ARC104437,0.3619135528003366
ARC101915,0.7727378781971321
ARC107458,0.5627129472366882
ARC106304,0.5374248701871117
ARC101753,0.2621695802488307
ARC107102,0.49405915736934514
ARC100133,0.3789798138985163
ARC108913,0.46143982447414716
ARC101122,0.4555881309765053
ARC105212,0.583870615155937
ARC108699,0.4708395969693589
ARC103415,0.7124299419914426
ARC103685,0.16028407759300778
ARC100584,0.48082666293129767
ARC100475,0.4587475629084363
ARC107291,0.625558857838881
ARC106756,0.20100812108354735
ARC105589,0.28497109068249155
ARC106592,0.5217910363459002
ARC102350,0.4187692896977293
ARC101930,0.6283818262845761
ARC103023,0.2507128512118098
ARC108952,0.22579071062229122
ARC104247,0.3578961054867635
ARC100013,0.12055975591054573
ARC106647,0.3035733684134459
ARC101869,0.6133411512693838
ARC103916,0.5805433645193102
ARC101640,0.42708397162851863
ARC104363,0.5211348881583262
ARC107687,0.5458891035136533
ARC102224,0.4222484596532341
ARC104033,0.07249964106574909
ARC100704,0.47572460807678485
ARC107388,0.31714928719650676
ARC102185,0.40844831433985657
ARC106896,0.1032401736282131
ARC108551,0.535960047504309
ARC103350,0.27965847036527813
ARC102584,0.4517038970663396
ARC107792,0.5380361284222456
ARC101818,0.45113970136418874
ARC106137,0.4287000992465843
ARC105079,0.23815780724321997
ARC105576,0.2306161471338397
ARC108603,0.3850554054066382
ARC103215,0.34980360730462057
ARC107815,0.22026471821539598
ARC108556,0.5484851033808661
ARC108965,0.20854639838243255
ARC103377,0.3601186919420013
ARC100026,0.5038027980728579
ARC105926,0.3459798902186139
ARC104769,0.3202622300214632
ARC107132,0.26422047045541663
ARC108760,0.275501129019565
ARC102628,0.42104864273171994
ARC106386,0.45533297224815816
ARC106628,0.3337703996880175
ARC107327,0.5001183656684369
ARC105356,0.4311743539034369
ARC106718,0.3410406622365869
ARC107211,0.4446213772845265
ARC106175,0.24330422011381583
ARC104070,0.3535010863382988
ARC105677,0.5830013917731652
ARC106958,0.6246621539717796
ARC107802,0.4275456547045167
ARC108911,0.49262181927032045
ARC103111,0.3567125426855088
ARC101276,0.4349657551092025
ARC102644,0.5751902083902043
ARC101832,0.5705886048857535
ARC103073,0.2574523707792826
ARC103996,0.44850073774160537
ARC103676,0.3631775631925544
ARC104490,0.3714863408795347
ARC104527,0.4302223541603646
ARC103601,0.4451566301331419
ARC101180,0.4673323863741755
ARC105087,0.5275428154327455
ARC105449,0.6097033799851236
ARC104844,0.31349729754545397
ARC101524,0.5699709893211393
ARC101185,0.0991496072250965
ARC105409,0.3807763653573476
ARC108972,0.5185222547727687
ARC108993,0.4448134709065512
ARC100000,0.5657301896034365
ARC101428,0.5427655979843007
ARC105819,0.49646714301689104
ARC106231,0.3057963597353789
ARC105024,0.6069793671673501
ARC101406,0.3876072940671573
ARC107365,0.3175415550083866
ARC103750,0.3314093386104498
ARC101496,0.16955397612291093
ARC108212,0.3247626334280665
ARC106151,0.39015239171995547
ARC101996,0.2825274190396895
ARC101064,0.427088380279962
ARC102132,0.4641542523633599
ARC106986,0.47753026495571904
ARC107589,0.41462603136491794
ARC107193,0.44031026504417636
ARC107023,0.5458950466505276
ARC101985,0.40591868583288254
ARC102893,0.16236906184686722
ARC100266,0.642832201378706
ARC108402,0.5130799129494733
ARC100431,0.33906628051500143
ARC106034,0.4416296302028852
ARC105300,0.3121307694086789
ARC106421,0.6888831859472214
ARC107631,0.6623376170540246
ARC103576,0.5218584479941799
ARC108527,0.32539702406109766
ARC104421,0.6388386346614525
ARC102863,0.49184141189277253
ARC108538,0.2587221432983111
ARC102386,0.2840207285573394
ARC106925,0.6366001229014726
ARC105550,0.4785881063195228
ARC103419,0.42583756281429913
ARC102410,0.3761756745584587
ARC101026,0.49737198489574475
ARC105859,0.5916217885631555
ARC108004,0.2354934632816369
ARC100985,0.5089197859716951
ARC101032,0.3492626827445143
ARC100994,0.37001422236471465
ARC104202,0.533433592054513
ARC105396,0.38343759477085815
ARC108394,0.62446980260071
ARC102456,0.5995258129127926
ARC105689,0.443454964778187
ARC108397,0.44014881512474985
ARC107088,0.34626168859998796
ARC105852,0.39819901916641975
ARC108055,0.4019011081511519
ARC105272,0.3241386363705093
ARC103644,0.4618476189123776
ARC103398,0.4591580389726949
ARC101725,0.24149513279556253
ARC105046,0.5044653400061933
ARC105945,0.3356129313877297
ARC102648,0.413378745024098
ARC103626,0.4674846448922498
ARC100671,0.36183391806251475
ARC104339,0.35261127256293456
ARC106608,0.45231298943970905
ARC105014,0.3228574845101154
ARC101170,0.568432096904266
ARC107789,0.6432722770033289
ARC107087,0.5258896512027493
ARC108195,0.1647452731920207
ARC106210,0.29961440389802907
ARC106768,0.13924763251791217
ARC107435,0.6490002266177061
ARC106589,0.5132116833692296
ARC101015,0.2432931787675757
ARC104156,0.5780862256261866
ARC104196,0.3314971555902581
ARC104986,0.4932086068216496
ARC105266,0.6615660217698446
ARC108882,0.24338266430133296
ARC101060,0.11657889790142559
ARC102732,0.17617313102875948
ARC105071,0.3783021098492163
ARC108093,0.6687202598894738
ARC102454,0.349406081775656
ARC101218,0.3478502105083538
ARC108141,0.5072736327119388
ARC104515,0.23675680278362998
ARC107928,0.2654680107838094
ARC105848,0.4612598208725746
ARC104679,0.5782379289523764
ARC103269,0.352529781114785
ARC103845,0.2848697400143074
ARC103977,0.45554611222561553
ARC103733,0.3795715503406703
ARC105144,0.534817122091644
ARC101175,0.7211665765695883
ARC100015,0.4294913627859613
ARC101209,0.3333517964643869
ARC103796,0.4626102251734374
ARC104770,0.1669774563031921
ARC101106,0.6495315305198387
ARC108058,0.4699951311380496
ARC100594,0.5387469591792589
ARC101242,0.49866591282955114
ARC106770,0.6021776703398279
ARC107143,0.21986259901708743
ARC103521,0.3781973784930483
ARC106657,0.2588192780800913
ARC100131,0.17138442583482066
ARC100951,0.59058801534136
ARC104879,0.14699250773628303
ARC108526,0.13010685088337592
ARC103286,0.6194919111122896
ARC106493,0.25499501612197056
ARC106944,0.3612447858969532
ARC108949,0.5622881897532608
ARC108750,0.675115200165019
ARC105790,0.4689769543039475
ARC108148,0.3613106769334916
ARC105675,0.19761124699590746
ARC101146,0.5329841231118377
ARC105951,0.3616424665773957
ARC106474,0.5250699628105359
ARC106522,0.5002441593784953
ARC101796,0.37981030980241787
ARC104542,0.41264108599023863
ARC100684,0.5469623495814083
ARC102810,0.4676128072663663
ARC100453,0.24568799435183125
ARC103082,0.42678394148131094
ARC104341,0.4315689182863625
ARC103031,0.32586851913161613
ARC107447,0.2683685789160483
ARC106247,0.30958634380923694
ARC108593,0.34652669469278014
ARC107414,0.18355214790874208
ARC101596,0.5394601890973103
ARC103028,0.5393038922492999
ARC102277,0.4723258557230346
ARC106690,0.21640555292976765
ARC106419,0.2849273470090184
ARC101781,0.3867515456499647
ARC100571,0.24818818329448986
ARC108814,0.21170287013375041
ARC108094,0.12128717028183604
ARC106407,0.1605928588888822
ARC106570,0.6949883285590656
ARC107289,0.4030630059695915
ARC101999,0.47390518382860786
ARC104550,0.1551433611833956
ARC105824,0.5309476372373794
ARC102600,0.55038125192886
ARC106117,0.4149326002192854
ARC104983,0.346057798436942
ARC103340,0.40596076358499655
ARC105658,0.30435357705746235
ARC105518,0.3627944431583311
ARC108105,0.5695610222624728
ARC108385,0.5383202174906617
ARC104594,0.3603293711899294
ARC107885,0.47164727872847817
ARC106985,0.4661336148392877
ARC107834,0.5431003031727181
ARC105495,0.1900695872769582
ARC107386,0.29508277966881974
ARC100831,0.26083036374161267
ARC105644,0.5535397871788015
ARC106241,0.2854834754611179
ARC100623,0.44398883211527246
ARC102898,0.5209337297198067
